title	link	summary	green_innovation	business_innovation	green_product	green_process	company	official_company_name	product_or_process	likely_naics_codes	greenwashing	total_tokens
We're Eco-designing, From R&D to Commercialization - Sanofi	https://news.google.com/rss/articles/CBMiYWh0dHBzOi8vd3d3LnNhbm9maS5jb20vZW4vbWFnYXppbmUvc29jaWFsLWltcGFjdC93ZS1yZS1lY28tZGVzaWduaW5nLWZyb20tcmQtdG8tY29tbWVyY2lhbGl6YXRpb27SAQA?oc=5	The article discusses a strategy focused on evaluating and improving the environmental footprint of products throughout their life cycle, emphasizing eco-design and the use of a standardized Life Cycle Assessment (LCA) methodology. The company aims to ensure that all new products will be eco-designed by 2025 and all top-selling products by 2030, and it has completed several environmental assessments since 2021.	TRUE. This is green innovation because it involves proactive evaluation and improvement of products' environmental impacts across their entire value chain, aiming to optimize sustainability through eco-design.	TRUE. This is considered a business innovation because it introduces an improved approach to product design and development that significantly differs from previous methods.	FALSE. The article does not specifically name a green product but refers to the overall strategy of eco-design for new products.	TRUE. This describes a green process because it outlines a method for analyzing and optimizing products' environmental performance through Life Cycle Assessment and eco-design.	company not identified	company not identified	product or process not identified	Likely NAICS Codes: 541620 - Environmental Consulting Services, 325320 - Pesticide and Other Agricultural Chemical Manufacturing, 332999 - All Other Miscellaneous Fabricated Metal Product Manufacturing, 333999 - All Other Miscellaneous General Purpose Machinery Manufacturing	FALSE. The article does not suggest any deceptive practices regarding environmental benefits; it focuses on their genuine commitments to sustainability.	1501
5 Ways Tech Companies Can Improve Their Sustainability - Entrepreneur	https://news.google.com/rss/articles/CBMibWh0dHBzOi8vd3d3LmVudHJlcHJlbmV1ci5jb20vZ3JlZW4tZW50cmVwcmVuZXVyLzUtd2F5cy10ZWNoLWNvbXBhbmllcy1jYW4taW1wcm92ZS10aGVpci1zdXN0YWluYWJpbGl0eS80NTI5NTfSAQA?oc=5	The article discusses how technology companies are embracing sustainable practices and green innovations in response to environmental concerns and consumer demand. It highlights strategies such as adopting circular economy models, investing in eco-friendly products, promoting recycling, extending device lifecycles, and fostering a culture of sustainability. These practices aim to reduce waste and greenhouse gas emissions, benefiting both the environment and the companies' profitability. Overall, it emphasizes that sustainability is becoming crucial for competitive advantage in the tech industry.	TRUE. The article describes various green initiatives and practices that tech companies are implementing to minimize environmental impact and promote sustainability.	TRUE. The article discusses new strategies and processes that significantly differ from previous practices, introduced by tech companies to enhance their sustainability and market competitiveness.	FALSE. The article does not specifically name any particular green product; it focuses on practices and strategies rather than individual products.	TRUE. The article discusses processes such as embracing a circular economy, eco-friendly manufacturing, and recycling programs that aim to reduce waste and environmental impacts.	company not identified	company not identified	product or process not identified	Likely NAICS Codes: 541511 - Custom Computer Programming Services, 334118 - Computer Terminal and Other Computer Peripheral Equipment Manufacturing, 334413 - Semiconductor and Other Electronic Component Manufacturing, 517919 - All Other Telecommunications	FALSE. The article promotes genuine sustainable practices and initiatives taken by tech companies, rather than making misleading claims about their environmental efforts.	2836
The future of materials - Deloitte	https://news.google.com/rss/articles/CBMiWmh0dHBzOi8vd3d3Mi5kZWxvaXR0ZS5jb20vdXMvZW4vaW5zaWdodHMvaW5kdXN0cnkvb2lsLWFuZC1nYXMvdGhlLWZ1dHVyZS1vZi1tYXRlcmlhbHMuaHRtbNIBAA?oc=5	Eastman, a global specialty materials company, is innovating to implement sustainable practices through chemical recycling projects that utilize existing assets to reduce plastic waste and associated emissions. The company is reviving Kodak's old methanolysis technology for polyester recycling and introducing Carbon Renewal Technology for complex waste plastics. Eastman aims to recycle significant quantities of plastic waste and reduce greenhouse gas emissions while working with partners to enhance supply chain operations. The firm is committed to enhancing recycling capabilities and the circular economy through innovative practices and collaborations.	TRUE: This innovation contributes to environmental sustainability by reducing plastic waste and greenhouse gas emissions through chemical recycling processes.	TRUE: The introduction of new chemical recycling technologies and practices that significantly differ from Eastman's previous processes represents a form of business innovation.	FALSE: The article describes processes without identifying specific goods that would meet the definition of a green product.	TRUE: The use of Carbon Renewal Technology and Polyester Renewal Technology in recycling plastics represents a green process aimed at minimizing environmental impacts.	Eastman	Eastman Chemical Company	Carbon Renewal Technology (CRT) and Polyester Renewal Technology (PRT)	Likely NAICS Codes: 325199 - Other Basic Organic Chemical Manufacturing, 325211 - Plastics Material and Resins Manufacturing, 541715 - Research and Development in the Physical, Engineering, and Life Sciences (except Nanotechnology and Biotechnology), 486110 - Crude Petroleum Extraction	FALSE: The article does not suggest any misleading statements regarding the environmental benefits of Eastman's innovations; rather, it details specific initiatives aimed at sustainability.	2349
Are Sustainable Practices a Money Suck or Are They Creating Positive Retail Impact? - PYMNTS.com	https://news.google.com/rss/articles/CBMie2h0dHBzOi8vd3d3LnB5bW50cy5jb20vbmV3cy9yZXRhaWwvMjAyMy9hcmUtc3VzdGFpbmFibGUtcHJhY3RpY2VzLWEtbW9uZXktc3Vjay1vci1hcmUtdGhleS1jcmVhdGluZy1wb3NpdGl2ZS1yZXRhaWwtaW1wYWN0L9IBAA?oc=5	The article discusses the growing importance of sustainability in the retail sector, highlighting both the challenges and benefits of implementing green practices. While companies like Sephora and H&M have successfully adopted sustainable initiatives that attract consumers, others like Selfridges and Hermès are reassessing their commitments to collective efforts like the Fashion Pact. The article emphasizes the need for ongoing commitment to sustainability and the recognition that different companies must find tailored approaches to align with their sustainability goals.	TRUE. The article describes the implementation of sustainable practices such as recycling initiatives and reduced waste, contributing to environmental sustainability in the retail sector.	TRUE. The initiatives mentioned, such as Beauty (Re)Purposed and Close the Loop, represent new processes and improvements in business operations aimed at sustainability.	FALSE. Although the article discusses sustainable practices, it does not identify any specific product that would fit the definition of a green product.	TRUE. The described initiatives involve methods aimed at minimizing environmental impact and promoting recycling, qualifying them as green processes.	Sephora, H&M, Selfridges, Hermès	Sephora USA, Inc., H&M Hennes & Mauritz AB, Selfridges Group Ltd, Hermès International SCA	Beauty (Re)Purposed, Close the Loop	Likely NAICS Codes: 448120 - Cosmetics, Beauty Supplies, and Perfume Stores; 448130 - Clothing Stores; 813312 - Environment, Conservation, and Wildlife Organizations; 541710 - Research and Development in the Physical, Engineering, and Life Sciences.	FALSE. The article does not present any misleading information about environmental benefits; rather, it discusses the challenges and realities of adopting sustainable practices in retail.	2140
Crop Science Innovation Summit 2023: Bayer sees more than doubling of accessible markets and potential to shape ... - PR Newswire	https://news.google.com/rss/articles/CBMi4QFodHRwczovL3d3dy5wcm5ld3N3aXJlLmNvbS9pbi9uZXdzLXJlbGVhc2VzL2Nyb3Atc2NpZW5jZS1pbm5vdmF0aW9uLXN1bW1pdC0yMDIzLWJheWVyLXNlZXMtbW9yZS10aGFuLWRvdWJsaW5nLW9mLWFjY2Vzc2libGUtbWFya2V0cy1hbmQtcG90ZW50aWFsLXRvLXNoYXBlLXJlZ2VuZXJhdGl2ZS1hZ3JpY3VsdHVyZS1vbi1tb3JlLXRoYW4tNDAwLW1pbGxpb24tYWNyZXMtMzAxODU3ODQ1Lmh0bWzSAQA?oc=5	Bayer's Crop Science Division is focusing on regenerative agriculture to support global food security and climate change mitigation, with a projected market potential of over 100 billion euros in accessible markets. The company is advancing transformative technologies including various new agricultural products and practices that promote sustainability, reduce environmental impacts, and enhance soil health. Bayer also emphasizes digital solutions and precision agriculture as part of its long-term growth strategy. Their innovations are designed to improve productivity while maintaining ecological and community health.	TRUE: The article discusses various innovations aimed at promoting regenerative agriculture, which significantly reduces the environmental impact of farming practices.	TRUE: Bayer is introducing improved products and processes that differ significantly from its previous offerings, thereby representing business innovation.	TRUE: The innovations mentioned, such as designer seeds and biological crop protection products, are designed to significantly reduce environmental impact throughout their life cycle.	TRUE: The article describes manufacturing and operational methods that aim to minimize waste and resource consumption, which align with the definition of green processes.	Bayer	Bayer AG	Preceon Smart Corn System	Likely NAICS Codes: 111210 - Corn Farming, 111199 - All Other Grain Farming, 325320 - Pesticide and Other Agricultural Chemical Manufacturing, 541714 - Research and Development in Biotechnology	FALSE: The article presents clear, substantive information about Bayer's genuine efforts towards sustainable agriculture and innovation without misleading claims, indicating that it is not an example of greenwashing.	4966
85% of Vestiaire Resale Shoppers Buying Less But Better - Sourcing Journal	https://news.google.com/rss/articles/CBMingFodHRwczovL3NvdXJjaW5nam91cm5hbC5jb20vc3VzdGFpbmFiaWxpdHkvc3VzdGFpbmFiaWxpdHktbmV3cy92ZXN0aWFpcmUtY29sbGVjdGl2ZS1pbXBhY3QtcmVwb3J0LWx1eHVyeS1mYXNoaW9uLXJlc2FsZS1tb25jbGVyLWphY3F1ZW11cy1jaGFuZWwtZ3VjY2ktNDQwOTA3L9IBAA?oc=5	Vestiaire Collective's second annual Impact Report highlights the positive environmental impacts of its fashion resale platform, which encourages consumers to buy used garments, thereby extending their life and reducing carbon emissions. The report reveals that buying pre-loved items can reduce environmental impact significantly, and the company has established a net climate-positive impact through its initiatives. Additionally, Vestiaire Collective's resale-as-a-service (RaaS) model further promotes sustainability in the fashion industry by incentivizing brands to resell items. The company actively lobbies for accountability among fast fashion companies and has banned multiple brands from its platform.	TRUE - The article describes initiatives that significantly reduce negative environmental impacts through promoting the resale of fashion items, which contributes to sustainability and decarbonisation efforts.	TRUE - Vestiaire Collective represents a new business model in the fashion industry focused on resale and sustainability, differing significantly from traditional fast-fashion practices.	TRUE - The pre-loved clothing available through Vestiaire Collective is designed for a lifecycle that minimizes environmental impact, satisfying the criteria for green products.	TRUE - The processes involved in the resale model, including reducing carbon emissions and promoting circular economy principles, reflect a commitment to minimized environmental impact.	Vestiaire Collective	Vestiaire Collective	resale platform	Likely NAICS Codes: 448140 - Family Clothing Stores; 453310 - Used Merchandise Stores; 541613 - Marketing Consulting Services; 541618 - Other Management Consulting Services	FALSE - The article does not suggest misleading claims; rather, it details genuine sustainability efforts and measurable environmental impacts of Vestiaire Collective's business model.	2481
“Impact First” investment fund 'Transform Health Fund' will help to improve access to healthcare in Africa - Philips	https://news.google.com/rss/articles/CBMivwFodHRwczovL3d3dy5waGlsaXBzLmNvbS9hLXcvYWJvdXQvbmV3cy9hcmNoaXZlL3N0YW5kYXJkL25ld3MvYXJ0aWNsZXMvMjAyMy8yMDIzMDYwNy1pbXBhY3QtZmlyc3QtaW52ZXN0bWVudC1mdW5kLXRyYW5zZm9ybS1oZWFsdGgtZnVuZC13aWxsLWhlbHAtdG8taW1wcm92ZS1hY2Nlc3MtdG8taGVhbHRoY2FyZS1pbi1hZnJpY2EuaHRtbNIBAA?oc=5	Philips' involvement in the Transform Health Fund aims to inspire corporate peers and investors to improve health systems by demonstrating the potential for private capital to achieve positive impacts. The fund includes various investors such as Merck, DFC, and USAID, showcasing a collective effort towards healthcare improvement. Annette Jung emphasizes the significant role of private capital in catalyzing health system enhancements at scale. More details about the fund and its supporters can be found on the Health Finance Coalition website.	FALSE - The article discusses healthcare investment and does not indicate that it directly contributes to environmental sustainability goals or reduces environmental impacts.	FALSE - The article focuses on investment and collaboration in health care rather than introducing a new or improved product or business process.	FALSE - There are no specific goods or services mentioned in the article that meet the definition of a green product.	FALSE - The article does not describe any specific methods or techniques used in manufacturing or production that minimize environmental impact.	Philips	Koninklijke Philips N.V.	product or process not identified	Likely NAICS Codes: 621111 - Offices of Physicians (except Mental Health Specialists), 621112 - Offices of Physicians, Mental Health Specialists, 621498 - All Other Outpatient Care Centers, 813920 - Professional Organizations.	FALSE - The article does not appear to engage in greenwashing as it discusses genuine healthcare initiatives rather than misleading environmental claims.	1574
Animal byproducts provide opportunity to cut carbon footprint of feed - Aquafeed.com	https://news.google.com/rss/articles/CBMibWh0dHBzOi8vd3d3LmFxdWFmZWVkLmNvbS9uZXdzcm9vbS9uZXdzL2FuaW1hbC1ieXByb2R1Y3RzLXByb3ZpZGUtb3Bwb3J0dW5pdHktdG8tY3V0LWNhcmJvbi1mb290cHJpbnQtb2YtZmVlZC_SAQA?oc=5	The article discusses the advantages of using locally produced Processed Animal Proteins (PAPs) and rendered fat as replacements for soy meal and palm oil in animal feed, highlighting reduced carbon emissions compared to vegetable alternatives. A lifecycle analysis indicates that animal byproducts (ABPs) not only lower the carbon footprint but also support sustainability in feed production, particularly following new EU regulations against deforestation. The study shows that PAPs and rendered fats have higher protein content and a lower overall environmental impact than conventional plant-based feed ingredients.	TRUE, because the use of Processed Animal Proteins (PAPs) and rendered fat significantly reduces carbon emissions and promotes sustainability in the feed industry.	TRUE, as the adoption of PAPs and rendered fat represents a new and improved business process for European feed compounders that differs from traditional methods.	TRUE, because Processed Animal Proteins (PAPs) and rendered fat are designed to reduce environmental impact throughout their life cycle.	TRUE, as the methods of using animal byproducts in feed production minimize waste, reduce resource consumption, and promote sustainability.	company not identified	official company name not identified	Processed Animal Proteins (PAPs)	Likely NAICS Codes: 311119 - Other Animal Food Manufacturing; 311615 - Poultry Processing; 311612 - Meat Processed from Carcasses; 311111 - Dog and Cat Food Manufacturing.	FALSE, as the article provides substantial evidence of environmental benefits from using PAPs and does not engage in misleading claims about their sustainability.	1995
Cosmetics industry: Refreshing the approach to waste and overproduction - Premium beauty	https://news.google.com/rss/articles/CBMiTGh0dHBzOi8vd3d3LnByZW1pdW1iZWF1dHluZXdzLmNvbS9lbi9jb3NtZXRpY3MtaW5kdXN0cnktcmVmcmVzaGluZy10aGUsMjIyNTTSAQA?oc=5	Avery Dennison's report highlights significant waste in the beauty supply chain, with over 10% of products worth $4.8 billion wasted, primarily due to overproduction and spoilage. With plastic packaging being a major environmental concern and only 9% of plastic waste recycled, companies face pressure to improve supply chain sustainability. The use of RFID technology is proposed as a solution to enhance transparency, reduce waste, and track carbon footprints in a product's lifecycle. atma.io supports brands in achieving zero waste and compliance with EU regulations through real-time analytics and inventory management.	TRUE - The article discusses RFID technology and the atma.io platform, both of which are innovative solutions designed to reduce waste and improve sustainability in the supply chain, aligning with the principles of green innovation.	TRUE - The implementation of RFID technology and connected product cloud solutions represents new or significantly improved business processes that enhance operational efficiency and sustainability.	FALSE - The article does not specifically describe a new or improved green product, but rather focuses on technologies and processes to improve sustainability in the supply chain.	TRUE - The use of RFID and the atma.io platform to enhance supply chain efficiency, reduce waste, and promote sustainability qualifies as a green process.	Avery Dennison	Avery Dennison Corporation	RFID technology and atma.io connected product cloud	{'Likely NAICS Codes': [{'code': '325620', 'category': 'Toilet Preparation Manufacturing'}, {'code': '311999', 'category': 'All Other Food Manufacturing'}, {'code': '423850', 'category': 'Service Establishment Equipment and Supplies Merchant Wholesalers'}, {'code': '541519', 'category': 'Other Computer Related Services'}]}	FALSE - The article does not appear to promote false environmental benefits; instead, it discusses practical solutions aimed at reducing waste and improving sustainability.	2104
Philips and Magazine TOILETPAPER Reframe Innovation with Refurb Editions | LBBOnline - Little Black Book	https://news.google.com/rss/articles/CBMiY2h0dHBzOi8vbGJib25saW5lLmNvbS9uZXdzL3BoaWxpcHMtYW5kLW1hZ2F6aW5lLXRvaWxldHBhcGVyLXJlZnJhbWUtaW5ub3ZhdGlvbi13aXRoLXJlZnVyYi1lZGl0aW9uc9IBAA?oc=5	Royal Philips has launched its 'Better Than New' campaign to promote refurbished products, emphasizing the benefits of reusing and reducing waste. The campaign, co-created with creative agency LePub and TOILETPAPER magazine, seeks to shift consumer perception from 'new equals better' to 'better than new'. Philips claims that refurbished products can significantly lessen environmental impact by reducing the need for raw materials. The initiative also aligns with changing consumer preferences towards sustainability, as evidenced by survey data indicating willingness to pay more for durable and second-hand products.	TRUE - This initiative promotes sustainability by encouraging the reuse of products, reducing waste, and minimizing the environmental impact compared to new product consumption.	TRUE - The launch of refurbished products as a new market offering represents a significant improvement over previous products and processes, thus qualifying as a business innovation.	TRUE - The refurbished products meet the definition of green products as they are designed to reduce environmental impact throughout their life cycle.	TRUE - The process of refurbishing products minimizes waste, conserves resources, and decreases energy consumption, aligning with the principles of a green process.	Royal Philips	Philips	Refurbished products	Likely NAICS Codes: 334510 - Electro-medical and Electrotherapeutic Apparatus Manufacturing; 423450 - Medical, Dental, and Hospital Equipment and Supplies Merchant Wholesalers; 541710 - Research and Development in the Physical, Engineering, and Life Sciences; 541611 - Administrative Management and General Management Consulting Services.	FALSE - The article does not provide evidence of greenwashing, as Philips appears to genuinely promote the environmental benefits of its refurbished products without misleading claims.	2329
Lab-grown chicken meat gets green light from federal regulators - CBS News	https://news.google.com/rss/articles/CBMiXWh0dHBzOi8vd3d3LmNic25ld3MuY29tL25ld3MvbGFiLWdyb3duLWNoaWNrZW4tbWVhdC1nZXRzLWdyZWVuLWxpZ2h0LWZyb20tZmVkZXJhbC1yZWd1bGF0b3JzL9IBYWh0dHBzOi8vd3d3LmNic25ld3MuY29tL2FtcC9uZXdzL2xhYi1ncm93bi1jaGlja2VuLW1lYXQtZ2V0cy1ncmVlbi1saWdodC1mcm9tLWZlZGVyYWwtcmVndWxhdG9ycy8?oc=5	The article discusses the approval of 'cultivated' or lab-grown chicken by the U.S. Department of Agriculture, with two California-based firms, Upside Foods and Eat Just, leading the push for this new meat alternative. These innovations aim to decrease the environmental impact of traditional animal husbandry and the related ethical concerns about animal welfare. The cultivated meat is made using living animal cells, and initial sales will focus on upscale restaurants, with broader availability expected in the future. There is skepticism among consumers, but the companies believe in the product's quality and potential sustainability benefits.	TRUE, because it aims to reduce the environmental impact associated with traditional meat production, including lower resource consumption and animal welfare concerns.	TRUE, because cultivated meat represents an improved product significantly different from previous meat products, introduced to the market by the firms.	TRUE, because cultivated chicken is designed to minimize environmental impacts throughout its life cycle, using sustainable practices and reducing reliance on livestock.	TRUE, because the method of cultivating meat in a lab setting minimizes waste and resource use compared to conventional meat production processes.	Upside Foods and Eat Just	Eat Just, Inc.	cultivated chicken	[{'code': '311611', 'category': 'Animal (except poultry) slaughtering'}, {'code': '311615', 'category': 'Poultry processing'}, {'code': '325193', 'category': 'Biological product (except diagnostic) manufacturing'}, {'code': '311999', 'category': 'All other miscellaneous food manufacturing'}]	FALSE, because the companies are providing a legitimate innovation in food production that is transparent about its process and aims to genuinely contribute to sustainability without misleading claims.	2176
At MakeUp in Paris Gotha Cosmetics bets on the - Premium beauty	https://news.google.com/rss/articles/CBMiTWh0dHBzOi8vd3d3LnByZW1pdW1iZWF1dHluZXdzLmNvbS9lbi9hdC1tYWtldXAtaW4tcGFyaXMtZ290aGEtY29zbWV0aWNzLDIyMTM10gEA?oc=5	Gotha Cosmetics is introducing a new booth at MakeUp in Paris and launching a wave of innovation under the 'Realignment: Move Fast, Embrace Low' concept, focusing on consumer wellbeing. The innovation includes three collections: Dare to Care, which supports self-expression in cosmetics; Green Lab, which emphasizes minimal environmental impact while ensuring safety and quality; and Metadisruptive, which explores the intersection of physical and digital beauty experiences. Each collection targets consumers who value both aesthetic and ethical considerations in their cosmetic choices.	TRUE; Gotha's Green Lab collection aims to minimize environmental impact while delivering effective beauty products, aligning with green innovation goals.	TRUE; The article suggests that Gotha Cosmetics is launching new product lines which represent significant improvements over previous offerings, fitting the definition of business innovation.	TRUE; The Green Lab collection is designed to be environmentally friendly, supporting sustainability goals by reducing the ecological footprint of beauty products.	FALSE; The article does not explicitly describe any new manufacturing or operational processes that minimize environmental impacts.	Gotha Cosmetics	Gotha Cosmetics S.p.A.	product not identified	Likely NAICS Codes: 325620 - Toilet Preparation Manufacturing, 424210 - Drugs and Druggists' Sundries Merchant Wholesalers, 454110 - Electronic Shopping and Mail-Order Houses, 541614 - Process, Physical Distribution, and Logistics Consulting Services.	FALSE; The article does not indicate misleading claims about environmental benefits; rather, it highlights a sincere effort towards sustainability in the Green Lab collection.	1678
Konica Minolta raises the level of sustainability in textile printing - Textilegence Magazine & Digital Platform	https://news.google.com/rss/articles/CBMiZmh0dHBzOi8vd3d3LnRleHRpbGVnZW5jZS5jb20vZW4va29uaWNhLW1pbm9sdGEtcmFpc2VzLXRoZS1sZXZlbC1vZi1zdXN0YWluYWJpbGl0eS1pbi10ZXh0aWxlLXByaW50aW5nL9IBAA?oc=5	Konica Minolta showcased sustainable textile printing solutions at ITMA 2023, emphasizing innovations that reduce environmental impact through waterless applications and process optimizations. The company highlighted its commitment to environmental sustainability, achieving recognition for its sustainability efforts and innovative technologies. Gianluca Macchi discussed the importance of chemical innovations in the printing process, aiming to increase efficiency while promoting eco-friendly solutions. The event is seen as a symbol of recovery for the textile industry post-pandemic.	TRUE; the article discusses innovations in textile printing that significantly reduce environmental impact, focusing on sustainable production methods like waterless applications.	TRUE; Konica Minolta is introducing improved processes and solutions in textile printing that differ significantly from previous offerings, thereby representing business innovation.	FALSE; while the innovations are sustainable, the article does not specifically mention a good that qualifies as a green product.	TRUE; the article describes a new method of textile printing that minimizes environmental impacts and promotes sustainability, characteristics of a green process.	Konica Minolta	Konica Minolta, Inc.	Nassenger SP-1	Likely NAICS Codes: 32222 - Paper Manufacturing; 32311 - Commercial Printing (except Screen and Books); 33451 - Navigational, Measuring, Electromedical, and Control Instruments Manufacturing; 54171 - Research and Development in the Physical, Engineering, and Life Sciences	FALSE; the article does not provide misleading information about the environmental benefits of Konica Minolta's products, instead emphasizing genuine sustainability efforts.	2247
Industry orgs backs new bill set to offer regulatory pathway for non-nutritive animal food products - Pet Food Processing	https://news.google.com/rss/articles/CBMiiwFodHRwczovL3d3dy5wZXRmb29kcHJvY2Vzc2luZy5uZXQvYXJ0aWNsZXMvMTcwODEtYWZpYS1iYWNrcy1uZXctYmlsbC1zZXQtdG8tb2ZmZXItcmVndWxhdG9yeS1wYXRod2F5LWZvci1ub24tbnV0cml0aXZlLWFuaW1hbC1mb29kLXByb2R1Y3Rz0gEA?oc=5	The American Feed Industry Association (AFIA) supports the Innovative Feed Enhancement and Economic Development Act of 2023, which aims to create a regulatory pathway for non-nutritive animal feed additives that can improve animal health and reduce environmental impact. The act introduces a new category, zootechnical animal food substances (ZAFS), which are regulated as food additives rather than drugs. This legislative change is expected to enhance innovation in the industry and improve the competitive position of US farmers and ranchers. The AFIA urges Congress to pass the bill swiftly to enable the development of solutions that benefit animal health and the environment.	TRUE: The Innovative FEED Act promotes the use of animal feed additives that reduce environmental emissions and improve animal health, aligning with sustainability goals.	TRUE: The introduction of a new category of animal food additives that significantly improves upon previous regulatory practices represents a new business process and product innovation.	TRUE: The zootechnical animal food substances (ZAFS) are designed to provide environmental benefits as well as animal health improvements, qualifying them as green products.	TRUE: The regulation of non-nutritive animal food substances under the food additive framework aims to streamline innovation and promote sustainability in animal feed processes, indicating a green process.	American Feed Industry Association	American Feed Industry Association	Innovative Feed Enhancement and Economic Development Act	Likely NAICS Codes: 111998 - All Other Crop Farming; 311119 - Other Animal Food Manufacturing; 311340 - Nonchocolate Confectionery Manufacturing; 424490 - Other Grocery and Related Products Merchant Wholesalers	FALSE: The article promotes genuine legislative efforts to advance non-nutritive feed products with environmental benefits, rather than making misleading claims about existing products.	2078
Bayer: “Science for Better” - Brand Finance	https://news.google.com/rss/articles/CBMiOmh0dHBzOi8vYnJhbmRmaW5hbmNlLmNvbS9pbnNpZ2h0cy9iYXllci1zY2llbmNlLWZvci1iZXR0ZXLSAQA?oc=5	The article discusses Bayer's focus on Agriscience, emphasizing the company's commitment to sustainability and innovation in agriculture. It highlights Bayer's significant investment in developing technologies to improve crop yield while minimizing environmental impact, aiming to help farmers adapt to climate change. Bayer's initiatives, such as tracking carbon storage in soil and creating products that enhance environmental sustainability, reflect its strategy to position itself as a leader in sustainable agriculture.	TRUE - Bayer is investing in technologies and practices that improve agricultural productivity and sustainability, reducing environmental impacts and promoting climate adaptation.	TRUE - Bayer's use of scientific technologies to enhance agricultural productivity and its investment in innovation distinguish its initiatives as significant improvements in business processes.	FALSE - The article does not explicitly name a specific green product, but it discusses the development of agricultural technologies that promote sustainability.	TRUE - Bayer's practices, such as investing in seed breeding and soil-friendly agricultural methods, qualify as green processes aimed at reducing environmental impact.	Bayer	Bayer AG	product or process not identified	Likely NAICS Codes: 325320 - Pesticide and Other Agricultural Chemical Manufacturing; 111130 - Soybean Farming; 111998 - All Other Miscellaneous Crop Farming; 325199 - All Other Basic Organic Chemical Manufacturing	FALSE - The article does not suggest misleading claims; it emphasizes Bayer's genuine efforts and investments in sustainable practices and technologies.	2240
Oatly Rolls Out Plant-Based Cream Cheese in the United States; Mike Messersmith and Leah Hoxie Share - Deli Market News	https://news.google.com/rss/articles/CBMiqwFodHRwczovL3d3dy5kZWxpbWFya2V0bmV3cy5jb20vd2VsbC1wYWlyZWQvb2F0bHktcm9sbHMtb3V0LXBsYW50LWJhc2VkLWNyZWFtLWNoZWVzZS11bml0ZWQtc3RhdGVzLW1pa2UtbWVzc2Vyc21pdGgtYW5kLWxlYWgtaG94aWUtc2hhcmUvbGlsaWFuLWRpZXAvdGh1LTA2MTUyMDIzLTA4NDgvMTU2OTLSAQA?oc=5	Oatly has announced the launch of new dairy-free cream cheese products in the U.S., available in Plain and Chive & Onion flavors. These new products aim to provide a plant-based alternative to traditional cream cheese while maintaining taste and texture. The cream cheese is gluten-free and non-GMO, developed from Oatly's proprietary oat base, promoting a lifestyle with a lower environmental impact compared to dairy. The launch reflects Oatly's commitment to expanding plant-based consumption and innovation in oat-based products.	TRUE - The product contributes to environmental sustainability by providing a plant-based alternative that generally has a lower environmental impact than traditional dairy products.	TRUE - The new cream cheese product represents a significant improvement and innovation in Oatly's offerings, differing from their previous products and expanding their market presence.	TRUE - The cream cheese is designed and manufactured in a way that significantly reduces environmental impact, using environmentally benign materials and promoting sustainable consumption.	FALSE - The article does not provide specific details about the production processes used for the cream cheese, so we cannot confirm if these processes meet the definition of a green process.	Oatly	Oatly AB	cream cheese	Likely NAICS Codes: 3111 - Animal Food Manufacturing, 3114 - Fruit and Vegetable Preserving and Specialty Food Manufacturing, 3119 - Other Food Manufacturing, 3115 - Dairy Product Manufacturing	FALSE - The article does not indicate any misleading claims about the product's environmental benefits; rather, it explains the environmental advantages of switching to a plant-based cream cheese.	1692
K-beauty brand Melixir's multi-pronged approach to sustainability - CosmeticsDesign-Asia.com	https://news.google.com/rss/articles/CBMieWh0dHBzOi8vd3d3LmNvc21ldGljc2Rlc2lnbi1hc2lhLmNvbS9BcnRpY2xlLzIwMjMvMDYvMDgvay1iZWF1dHktYnJhbmQtbWVsaXhpci1zLW11bHRpLXByb25nZWQtYXBwcm9hY2gtdG8tc3VzdGFpbmFiaWxpdHnSAQA?oc=5	Melixir aims to produce all its products with 50% post-consumer recycled materials by 2023 and is investing in single-material containers to reduce waste. The company has implemented sustainability initiatives such as a Plastic-Free Store and a recycling program called MeCycle to promote eco-friendly practices. The CEO emphasizes the importance of creating safe, vegan, and sustainable skincare products while maintaining product efficacy. With a focus on microbiome-friendly formulations, Melixir aims to align with consumer demand for vegan and sustainable products.	TRUE: Melixir demonstrates green innovation by using post-consumer recycled materials, minimizing waste, and promoting an eco-friendly lifestyle through its initiatives, which all contribute to environmental sustainability.	TRUE: Melixir is classified as a business innovation because it introduced unique products and processes in vegan skincare that significantly differ from conventional offerings in the cosmetics industry.	TRUE: The products offered by Melixir are designed to be vegan and sustainably made, focusing on reducing environmental impacts throughout their life cycle.	TRUE: Melixir employs green processes by using sustainable materials and minimizing waste through its production methods and initiatives such as the MeCycle program.	Melixir	Melixir Co., Ltd.	Plastic-Free Store	Likely NAICS Codes: 325611 - Soap and Other Detergent Manufacturing, 446120 - Cosmetics, Beauty Supplies, and Perfume Stores, 423850 - Service Establishment Equipment and Supplies Merchant Wholesalers, 312111 - Soft Drink Manufacturing	FALSE: The article does not suggest that Melixir is engaging in greenwashing as it details specific, actionable sustainability initiatives and commitments backed by clear practices in their product offerings.	2269
Thai firms tapping secret formulas for 'alternative milk' - asianews.network	https://news.google.com/rss/articles/CBMiUWh0dHBzOi8vYXNpYW5ld3MubmV0d29yay90aGFpLWZpcm1zLXRhcHBpbmctc2VjcmV0LWZvcm11bGFzLWZvci1hbHRlcm5hdGl2ZS1taWxrL9IBAA?oc=5	The article discusses the development of plant-based milk and organic dairy products in Thailand, highlighting innovations that enhance nutritional value and reduce environmental impact while catering to changing consumer preferences. Companies like Dairy Home focus on sustainable practices, including organic farming and clean energy use, while Diamond Fresh and Sesamilk offer alternative milk options to meet growing demands for plant-based products. These initiatives aim to support both food security and environmental sustainability.	TRUE - This is green innovation because the products and processes described aim to reduce environmental impacts, promote sustainability, and utilize organic, non-chemical farming practices.	TRUE - This is a business innovation because the companies are introducing new products (plant-based and organic dairy alternatives) that differ significantly from traditional dairy offerings and are aimed at a changing market.	TRUE - The products mentioned, such as organic milk, rice milk, and sesame milk, are designed and manufactured to minimize environmental impact throughout their life cycle, fitting the definition of green products.	TRUE - The production processes described minimize environmental impacts by using clean energy, reducing carbon emissions, and employing a comprehensive waste management system, aligning with the definition of green processes.	Dairy Home	Dairy Home Co., Ltd.	Diamond Fresh Organic Rice Milk	Likely NAICS Codes: 311511 - Fluid Milk Manufacturing, 311514 - Ice Cream and Frozen Dessert Manufacturing, 311919 - Other Snack Food Manufacturing, 311999 - All Other Food Manufacturing	FALSE - There is no indication of greenwashing in the article, as the companies promote transparency in their sustainable practices and innovations that genuinely address environmental sustainability.	2274
Paradox of Recycling: Greenpeace Study Warns of Increased Toxicity of Plastics - FFOODS Spectrum - nuFFooDS Spectrum	https://news.google.com/rss/articles/CBMieWh0dHBzOi8vbnVmZm9vZHNzcGVjdHJ1bS5pbi8yMDIzLzA2LzA5L3BhcmFkb3gtb2YtcmVjeWNsaW5nLWdyZWVucGVhY2Utc3R1ZHktd2FybnMtb2YtaW5jcmVhc2VkLXRveGljaXR5LW9mLXBsYXN0aWNzLmh0bWzSAQA?oc=5	The article discusses the complexities and potential pitfalls of plastic recycling, highlighting that it may lead to increased toxicity due to hazardous additives. It calls for a shift towards waste reduction, use of alternative materials, and improved recycling technologies to truly address plastic pollution. The piece emphasizes a holistic approach to creating a sustainable future and recognizes the environmental and health risks associated with plastic waste.	TRUE, because the findings advocate for a more sustainable approach to addressing plastic pollution, emphasizing the need for reducing plastic production and promoting alternatives, which aligns with environmental sustainability goals.	FALSE, because the article does not introduce a new or improved product or business process; instead, it critiques existing recycling practices.	FALSE, because the article does not define any specific good or service; it discusses general practices and recommendations related to plastics and recycling.	TRUE, because the article addresses recycling as a process and critiques its environmental impacts, advocating for improvements to current recycling methods to minimize hazardous waste.	Greenpeace	Greenpeace International	Recycling Process	[{'code': '562112', 'category': 'Waste Treatment and Disposal'}, {'code': '424690', 'category': 'Other Chemical and Allied Products Merchant Wholesalers'}, {'code': '325211', 'category': 'Plastics Material and Resin Manufacturing'}, {'code': '541715', 'category': 'Research and Development in the Physical, Engineering, and Life Sciences'}]	FALSE, because the article does not make false or misleading claims about the environmental benefits of recycling; rather, it provides a critical perspective on the potential negative impacts of current recycling practices.	1894
New investment in peat in fight against climate change - GOV.UK	https://news.google.com/rss/articles/CBMiWWh0dHBzOi8vd3d3Lmdvdi51ay9nb3Zlcm5tZW50L25ld3MvbmV3LWludmVzdG1lbnQtaW4tcGVhdC1pbi1maWdodC1hZ2FpbnN0LWNsaW1hdGUtY2hhbmdl0gEA?oc=5	The UK government announced new funding and actions to preserve and sustainably manage lowland peatlands, which are crucial for carbon storage and biodiversity. This includes over £7.5 million for innovative water management projects and a £5 million Paludiculture Exploration Fund to support economically viable farming practices on rewetted peat. The initiatives aim to mitigate climate change impacts, improve food security, and enhance ecosystems. The government's commitment is part of a broader strategy to achieve net-zero emissions and promote nature-based solutions.	TRUE, because the initiatives aim to reduce carbon emissions and improve sustainability through the management and rewetting of lowland peat soils, which are vital for carbon storage and biodiversity.	TRUE, as the funding and projects described represent new or improved business processes aiming to enhance the sustainability of farming practices on lowland peat soils.	FALSE, because the article does not specify any particular good or service that qualifies as a green product under the defined criteria.	TRUE, since the article discusses innovative water management and farming practices that minimize environmental impacts and promote sustainability in lowland peat management.	company not identified	company not identified	Paludiculture	Likely NAICS Codes: 111998 - All Other Miscellaneous Crop Farming, 113210 - Forest Nurseries and Gathering of Forest Products, 221310 - Water Supply and Irrigation Systems, 541620 - Environmental Consulting Services	FALSE, as the article does not exhibit deceptive marketing practices but rather outlines genuine government actions and funding aimed at addressing environmental issues.	4772
Angelo George | Chief Executive Officer | Bisleri International Pvt Ltd - Fibre2fashion.com	https://news.google.com/rss/articles/CBMia2h0dHBzOi8vd3d3LmZpYnJlMmZhc2hpb24uY29tL2ludGVydmlld3MvaW5kdXN0cnktc3BlYWsvYmlzbGVyaS1pbnRlcm5hdGlvbmFsLXB2dC1sdGQvYW5nZWxvLWdlb3JnZS8xMzYxOS0x0gEA?oc=5	Bisleri International Pvt Ltd has launched the 'Bottles for Change' initiative, which upcycles PET bottles into apparel and other products, promoting a circular economy and raising awareness about plastic recycling. The company's commitment to sustainability includes water conservation, minimizing plastic consumption, and engaging communities in best recycling practices. Through this initiative, they aim to lessen plastic waste and provide employment opportunities to various stakeholders. The program has successfully reached over 600,000 citizens, ensuring responsible disposal of used plastic.	TRUE: This is green innovation because it focuses on upcycling PET bottles, thereby reducing waste, conserving resources, and contributing to environmental sustainability.	TRUE: This is a business innovation because it involves a new process of upcycling PET into apparel, which is significantly different from the company's previous product offerings.	TRUE: This is a green product as it is made from upcycled PET bottles, designed to reduce environmental impact throughout its life cycle.	TRUE: This is a green process because it involves recycling and transforming used PET bottles into other products while minimizing environmental impacts.	Bisleri International Pvt Ltd	Bisleri International Pvt Ltd	Bottles for Change	Likely NAICS Codes: 312112 - Bottled Water Manufacturing, 325211 - Plastics Material and Resin Manufacturing, 423850 - Service Establishment Equipment and Supplies Merchant Wholesalers, 541620 - Environmental Consulting Services	FALSE: The article does not describe greenwashing as it presents legitimate efforts by Bisleri to upcycle plastic and enhance environmental sustainability, without misleading claims.	3078
Bigbasket Releases The Green Report 2022, Showcasing Commitment to Sustainability in Indian Retail - Indian Retailer	https://news.google.com/rss/articles/CBMie2h0dHBzOi8vd3d3LmluZGlhbnJldGFpbGVyLmNvbS9uZXdzL2JpZ2Jhc2tldC1yZWxlYXNlcy1ncmVlbi1yZXBvcnQtMjAyMi1zaG93Y2FzaW5nLWNvbW1pdG1lbnQtc3VzdGFpbmFiaWxpdHktaW5kaWFuLXJldGFpbNIBAA?oc=5	Juicy Chemistry and Mommy Shots by Amrita launched the 'Scars are Beautiful' campaign on March 5, 2024, to celebrate the beauty of postpartum bodies and stretch marks among mothers. The initiative features mothers sharing their motherhood experiences with the goal of inspiring self-love and acceptance. Both founders emphasize redefining beauty standards and normalizing the conversation around body scars linked to motherhood. The campaign seeks to empower women to embrace their uniqueness and resilience.	FALSE: The article does not focus on environmental sustainability or innovations that minimize negative environmental externalities.	TRUE: The campaign represents a business innovation as it combines new marketing strategies and product promotion to change societal perceptions about motherhood and body image.	FALSE: The article does not describe a product that significantly reduces environmental impact or meets the criteria of a green product.	FALSE: There is no mention of a process that minimizes environmental impacts or promotes sustainability.	Juicy Chemistry and Mommy Shots by Amrita	Juicy Chemistry	Scars are Beautiful campaign	Likely NAICS Codes: 812990 - All Other Personal Services, 446120 - Cosmetics, Beauty Supplies, and Perfume Stores, 339114 - Dental Laboratories (services like corrective skin products), 541490 - Other Specialized Design Services (marketing and advertising services related to beauty and personal care)	FALSE: The article does not exhibit greenwashing as it focuses on authentic empowerment and body positivity without making misleading claims regarding environmental benefits.	2118
Thankyou unveils what’s next - Retail World	https://news.google.com/rss/articles/CBMiP2h0dHBzOi8vcmV0YWlsd29ybGRtYWdhemluZS5jb20uYXUvdGhhbmt5b3UtdW52ZWlscy13aGF0cy1uZXh0L9IBAA?oc=5	Thankyou has reimagined its personal care products and launched into the home cleaning category with a focus on sustainability. The new range includes bottles made from 98% recycled plastic, refillable aluminum bottles, and a 100% natural universal cleaner that is both affordable and effective. Additionally, the cleaning products are formulated to be free from harsh chemicals and are accompanied by environmentally friendly microfibre cloths. These products will be available in major retailers and through a new e-commerce site.	TRUE, because the article describes products that promote environmental sustainability by using recycled materials and reducing household waste, which aligns with green innovation definitions.	TRUE, as the article details new or improved products introduced by Thankyou that differ significantly from their previous offerings.	TRUE, because the products are designed to minimize environmental impact through sustainable materials and processes, fulfilling the definition of a green product.	TRUE, as the information indicates processes that utilize recycled materials, and production methods that reduce environmental impact, aligning with the definition of a green process.	Thankyou	Thankyou Group Pty Ltd.	Thankyou's personal care and home cleaning product range	Likely NAICS Codes: 325620 - Toilet Preparation Manufacturing, 325611 - Soap and Other Detergent Manufacturing, 444190 - Other Building Material Dealers, 423850 - Service Establishment Equipment and Supplies Merchant Wholesalers	FALSE, because the innovations and claims made by Thankyou about sustainability and environmental responsibility appear authentic and are substantiated by their use of recycled materials and eco-friendly practices.	1839
