title,links,link,summary,published,published_parsed,news_source,title_detail.type,title_detail.language,title_detail.base,title_detail.value,summary_detail.type,summary_detail.language,summary_detail.base,summary_detail.value,query
How Are New Products and Services Developed in Businesses?,"[{'rel': 'alternate', 'type': 'text/html', 'href': 'http://www.bing.com/news/apiclick.aspx?ref=FexRss&aid=&tid=667b5cf301c24fb4af6453a091795d74&url=https%3a%2f%2fsmallbusiness.chron.com%2fnew-products-services-developed-businesses-44843.html&c=9781705195694607728&mkt=en-us'}]",http://www.bing.com/news/apiclick.aspx?ref=FexRss&aid=&tid=667b5cf301c24fb4af6453a091795d74&url=https%3a%2f%2fsmallbusiness.chron.com%2fnew-products-services-developed-businesses-44843.html&c=9781705195694607728&mkt=en-us,Developing new products and services is important to the growth of small businesses. New products enable your company to enter new markets or increase your business with existing customers.,"Fri, 14 Aug 2020 15:40:00 GMT","time.struct_time(tm_year=2020, tm_mon=8, tm_mday=14, tm_hour=15, tm_min=40, tm_sec=0, tm_wday=4, tm_yday=227, tm_isdst=0)",Houston Chronicle,text/plain,,,How Are New Products and Services Developed in Businesses?,text/html,,,Developing new products and services is important to the growth of small businesses. New products enable your company to enter new markets or increase your business with existing customers.,"https://www.bing.com/news/search?q=""Reparable consumer goods"" ""new products""&format=rss"
New Products and Promotions,"[{'rel': 'alternate', 'type': 'text/html', 'href': 'http://www.bing.com/news/apiclick.aspx?ref=FexRss&aid=&tid=667b5cf301c24fb4af6453a091795d74&url=https%3a%2f%2fcsnews.com%2fnew-products-and-promotions&c=1132132154609943400&mkt=en-us'}]",http://www.bing.com/news/apiclick.aspx?ref=FexRss&aid=&tid=667b5cf301c24fb4af6453a091795d74&url=https%3a%2f%2fcsnews.com%2fnew-products-and-promotions&c=1132132154609943400&mkt=en-us,"To promote the limited-time beverages, the brand is running a one-day-only scavenger hunt on June 20. The new sweet and citrus-based flavor joins the lineup of 5% ABV noncarbonated alcoholic ...","Thu, 15 Dec 2022 21:40:00 GMT","time.struct_time(tm_year=2022, tm_mon=12, tm_mday=15, tm_hour=21, tm_min=40, tm_sec=0, tm_wday=3, tm_yday=349, tm_isdst=0)",Convenience Store News,text/plain,,,New Products and Promotions,text/html,,,"To promote the limited-time beverages, the brand is running a one-day-only scavenger hunt on June 20. The new sweet and citrus-based flavor joins the lineup of 5% ABV noncarbonated alcoholic ...","https://www.bing.com/news/search?q=""Reparable consumer goods"" ""new products""&format=rss"
Consumer Products,"[{'rel': 'alternate', 'type': 'text/html', 'href': 'http://www.bing.com/news/apiclick.aspx?ref=FexRss&aid=&tid=667b5cf301c24fb4af6453a091795d74&url=https%3a%2f%2fwww.acs.org%2feducation%2fwhatischemistry%2flandmarks%2fnewproducts.html&c=14146689665567874098&mkt=en-us'}]",http://www.bing.com/news/apiclick.aspx?ref=FexRss&aid=&tid=667b5cf301c24fb4af6453a091795d74&url=https%3a%2f%2fwww.acs.org%2feducation%2fwhatischemistry%2flandmarks%2fnewproducts.html&c=14146689665567874098&mkt=en-us,"The 20th century brought an explosion of new products for consumers. Manmade products such as plastics and nylon proved stronger, more enduring, and more versatile than their natural counterparts.","Tue, 06 Dec 2022 06:50:00 GMT","time.struct_time(tm_year=2022, tm_mon=12, tm_mday=6, tm_hour=6, tm_min=50, tm_sec=0, tm_wday=1, tm_yday=340, tm_isdst=0)",C&EN,text/plain,,,Consumer Products,text/html,,,"The 20th century brought an explosion of new products for consumers. Manmade products such as plastics and nylon proved stronger, more enduring, and more versatile than their natural counterparts.","https://www.bing.com/news/search?q=""Reparable consumer goods"" ""new products""&format=rss"
New Product Development and Introduction,"[{'rel': 'alternate', 'type': 'text/html', 'href': 'http://www.bing.com/news/apiclick.aspx?ref=FexRss&aid=&tid=667b5cf301c24fb4af6453a091795d74&url=https%3a%2f%2fsmallbusiness.chron.com%2fnew-product-development-introduction-61192.html&c=1835354021749500249&mkt=en-us'}]",http://www.bing.com/news/apiclick.aspx?ref=FexRss&aid=&tid=667b5cf301c24fb4af6453a091795d74&url=https%3a%2f%2fsmallbusiness.chron.com%2fnew-product-development-introduction-61192.html&c=1835354021749500249&mkt=en-us,"New products provide additional sources of revenue by enabling the business to sell more to existing customers, attract new customers or enter into new markets. However, product development can be ...","Wed, 18 Jul 2018 15:29:00 GMT","time.struct_time(tm_year=2018, tm_mon=7, tm_mday=18, tm_hour=15, tm_min=29, tm_sec=0, tm_wday=2, tm_yday=199, tm_isdst=0)",Houston Chronicle,text/plain,,,New Product Development and Introduction,text/html,,,"New products provide additional sources of revenue by enabling the business to sell more to existing customers, attract new customers or enter into new markets. However, product development can be ...","https://www.bing.com/news/search?q=""Reparable consumer goods"" ""new products""&format=rss"
"The best new products this month from Sonos, Fujifilm and more","[{'rel': 'alternate', 'type': 'text/html', 'href': 'http://www.bing.com/news/apiclick.aspx?ref=FexRss&aid=&tid=667b5cf301c24fb4af6453a091795d74&url=https%3a%2f%2fwww.nbcnews.com%2fselect%2fshopping%2fnew-notable-sonos-jbl-fitbit-rcna156060&c=10620934023132122390&mkt=en-us'}]",http://www.bing.com/news/apiclick.aspx?ref=FexRss&aid=&tid=667b5cf301c24fb4af6453a091795d74&url=https%3a%2f%2fwww.nbcnews.com%2fselect%2fshopping%2fnew-notable-sonos-jbl-fitbit-rcna156060&c=10620934023132122390&mkt=en-us,"This story is part of NBC Select’s New & Notable column, where we highlight our favorite product launches. We continuously update this article throughout the month with new releases we think you ...","Fri, 07 Jun 2024 13:16:00 GMT","time.struct_time(tm_year=2024, tm_mon=6, tm_mday=7, tm_hour=13, tm_min=16, tm_sec=0, tm_wday=4, tm_yday=159, tm_isdst=0)",NBC News,text/plain,,,"The best new products this month from Sonos, Fujifilm and more",text/html,,,"This story is part of NBC Select’s New & Notable column, where we highlight our favorite product launches. We continuously update this article throughout the month with new releases we think you ...","https://www.bing.com/news/search?q=""Reparable consumer goods"" ""new products""&format=rss"
What Is the Product Life Cycle? Stages and Examples,"[{'rel': 'alternate', 'type': 'text/html', 'href': 'http://www.bing.com/news/apiclick.aspx?ref=FexRss&aid=&tid=667b5cf301c24fb4af6453a091795d74&url=https%3a%2f%2fwww.thestreet.com%2fmarkets%2fcommodities%2fproduct-life-cycle-14882534&c=6894424614939840678&mkt=en-us'}]",http://www.bing.com/news/apiclick.aspx?ref=FexRss&aid=&tid=667b5cf301c24fb4af6453a091795d74&url=https%3a%2f%2fwww.thestreet.com%2fmarkets%2fcommodities%2fproduct-life-cycle-14882534&c=6894424614939840678&mkt=en-us,"While AI (artificial intelligence) has been in development (and application) for years, the industry is continually pushing boundaries and developing new products that are in the introduction ...","Fri, 29 Oct 2021 15:32:00 GMT","time.struct_time(tm_year=2021, tm_mon=10, tm_mday=29, tm_hour=15, tm_min=32, tm_sec=0, tm_wday=4, tm_yday=302, tm_isdst=0)",TheStreet.com,text/plain,,,What Is the Product Life Cycle? Stages and Examples,text/html,,,"While AI (artificial intelligence) has been in development (and application) for years, the industry is continually pushing boundaries and developing new products that are in the introduction ...","https://www.bing.com/news/search?q=""Reparable consumer goods"" ""new products""&format=rss"
Bringing Us New Products: AI May Spur Lots Of Unexpected Surprises,"[{'rel': 'alternate', 'type': 'text/html', 'href': 'http://www.bing.com/news/apiclick.aspx?ref=FexRss&aid=&tid=667b5cf301c24fb4af6453a091795d74&url=https%3a%2f%2fwww.forbes.com%2fsites%2fjohnwerner%2f2024%2f06%2f05%2fbringing-us-new-products-ai-may-spur-lots-of-unexpected-surprises%2f&c=10420444845392941971&mkt=en-us'}]",http://www.bing.com/news/apiclick.aspx?ref=FexRss&aid=&tid=667b5cf301c24fb4af6453a091795d74&url=https%3a%2f%2fwww.forbes.com%2fsites%2fjohnwerner%2f2024%2f06%2f05%2fbringing-us-new-products-ai-may-spur-lots-of-unexpected-surprises%2f&c=10420444845392941971&mkt=en-us,"In his talk, he promoted a mix of internal use cases and external applications in figuring out how to use AI, discussing the value of pivoting: new products, new distribution channels, and new ...","Wed, 05 Jun 2024 11:39:00 GMT","time.struct_time(tm_year=2024, tm_mon=6, tm_mday=5, tm_hour=11, tm_min=39, tm_sec=0, tm_wday=2, tm_yday=157, tm_isdst=0)",Forbes,text/plain,,,Bringing Us New Products: AI May Spur Lots Of Unexpected Surprises,text/html,,,"In his talk, he promoted a mix of internal use cases and external applications in figuring out how to use AI, discussing the value of pivoting: new products, new distribution channels, and new ...","https://www.bing.com/news/search?q=""Reparable consumer goods"" ""new products""&format=rss"
14 Best New Aldi Products That Are Worth Every Penny,"[{'rel': 'alternate', 'type': 'text/html', 'href': 'http://www.bing.com/news/apiclick.aspx?ref=FexRss&aid=&tid=667b5cf301c24fb4af6453a091795d74&url=https%3a%2f%2fwww.msn.com%2fen-us%2fmoney%2fother%2f14-best-new-aldi-products-that-are-worth-every-penny%2far-BB1hYEu5&c=14413161606729339583&mkt=en-us'}]",http://www.bing.com/news/apiclick.aspx?ref=FexRss&aid=&tid=667b5cf301c24fb4af6453a091795d74&url=https%3a%2f%2fwww.msn.com%2fen-us%2fmoney%2fother%2f14-best-new-aldi-products-that-are-worth-every-penny%2far-BB1hYEu5&c=14413161606729339583&mkt=en-us,"Whether you’re a long-time Aldi shopper or looking to spend your money there for the first time, there are some great new products worth checking out. From holiday items to exercise balls ...","Fri, 24 May 2024 12:17:00 GMT","time.struct_time(tm_year=2024, tm_mon=5, tm_mday=24, tm_hour=12, tm_min=17, tm_sec=0, tm_wday=4, tm_yday=145, tm_isdst=0)",MSN,text/plain,,,14 Best New Aldi Products That Are Worth Every Penny,text/html,,,"Whether you’re a long-time Aldi shopper or looking to spend your money there for the first time, there are some great new products worth checking out. From holiday items to exercise balls ...","https://www.bing.com/news/search?q=""Reparable consumer goods"" ""new products""&format=rss"
The Pioneer Woman’s 3 new Walmart-exclusive kitchen appliances are under $60 and available to shop now,"[{'rel': 'alternate', 'type': 'text/html', 'href': 'http://www.bing.com/news/apiclick.aspx?ref=FexRss&aid=&tid=667b5cf301c24fb4af6453a091795d74&url=https%3a%2f%2fwww.nj.com%2fshopping-deals%2f2024%2f06%2fthe-pioneer-womans-3-new-walmart-exclusive-kitchen-appliances-are-under-60-and-available-to-shop-now.html&c=7663046525513368539&mkt=en-us'}]",http://www.bing.com/news/apiclick.aspx?ref=FexRss&aid=&tid=667b5cf301c24fb4af6453a091795d74&url=https%3a%2f%2fwww.nj.com%2fshopping-deals%2f2024%2f06%2fthe-pioneer-womans-3-new-walmart-exclusive-kitchen-appliances-are-under-60-and-available-to-shop-now.html&c=7663046525513368539&mkt=en-us,"Ree Drummond just dropped three new products in a trendy Linen Speckle colorway. Shop the newest small appliance additions to The Pioneer Woman kitchen collection, starting from $30, exclusively ...","Thu, 13 Jun 2024 06:32:00 GMT","time.struct_time(tm_year=2024, tm_mon=6, tm_mday=13, tm_hour=6, tm_min=32, tm_sec=0, tm_wday=3, tm_yday=165, tm_isdst=0)",NJ.com,text/plain,,,The Pioneer Woman’s 3 new Walmart-exclusive kitchen appliances are under $60 and available to shop now,text/html,,,"Ree Drummond just dropped three new products in a trendy Linen Speckle colorway. Shop the newest small appliance additions to The Pioneer Woman kitchen collection, starting from $30, exclusively ...","https://www.bing.com/news/search?q=""Reparable consumer goods"" ""new products""&format=rss"
America's Most Innovative Companies,"[{'rel': 'alternate', 'type': 'text/html', 'href': 'http://www.bing.com/news/apiclick.aspx?ref=FexRss&aid=&tid=667b5cf301c24fb4af6453a091795d74&url=https%3a%2f%2ffortune.com%2franking%2famericas-most-innovative-companies%2f&c=11123191776111620074&mkt=en-us'}]",http://www.bing.com/news/apiclick.aspx?ref=FexRss&aid=&tid=667b5cf301c24fb4af6453a091795d74&url=https%3a%2f%2ffortune.com%2franking%2famericas-most-innovative-companies%2f&c=11123191776111620074&mkt=en-us,Innovation can spark in a multitude of ways: R&amp;D teams who invent new products; efficient processes that pad a company’s bottom line; inspiring leaders who foster brainstorming and collaboration ...,"Wed, 01 Nov 2023 06:22:00 GMT","time.struct_time(tm_year=2023, tm_mon=11, tm_mday=1, tm_hour=6, tm_min=22, tm_sec=0, tm_wday=2, tm_yday=305, tm_isdst=0)",Fortune,text/plain,,,America's Most Innovative Companies,text/html,,,Innovation can spark in a multitude of ways: R&amp;D teams who invent new products; efficient processes that pad a company’s bottom line; inspiring leaders who foster brainstorming and collaboration ...,"https://www.bing.com/news/search?q=""Reparable consumer goods"" ""new products""&format=rss"
"The best products we tested in May 2024: Pet cameras, iPads and more","[{'rel': 'alternate', 'type': 'text/html', 'href': 'http://www.bing.com/news/apiclick.aspx?ref=FexRss&aid=&tid=667b5cf301c24fb4af6453a091795d74&url=https%3a%2f%2fwww.cnn.com%2fcnn-underscored%2freviews%2fbest-tested-products-may-2024&c=9999428586561313885&mkt=en-us'}]",http://www.bing.com/news/apiclick.aspx?ref=FexRss&aid=&tid=667b5cf301c24fb4af6453a091795d74&url=https%3a%2f%2fwww.cnn.com%2fcnn-underscored%2freviews%2fbest-tested-products-may-2024&c=9999428586561313885&mkt=en-us,"The CNN Underscored team constantly tests new products throughout the year to find the best ones worth buying. Our objective, hands-on reviews span multiple categories — from health and fitness ...","Tue, 04 Jun 2024 12:21:00 GMT","time.struct_time(tm_year=2024, tm_mon=6, tm_mday=4, tm_hour=12, tm_min=21, tm_sec=0, tm_wday=1, tm_yday=156, tm_isdst=0)",CNN,text/plain,,,"The best products we tested in May 2024: Pet cameras, iPads and more",text/html,,,"The CNN Underscored team constantly tests new products throughout the year to find the best ones worth buying. Our objective, hands-on reviews span multiple categories — from health and fitness ...","https://www.bing.com/news/search?q=""Reparable consumer goods"" ""new products""&format=rss"
New iMac,"[{'rel': 'alternate', 'type': 'text/html', 'href': 'http://www.bing.com/news/apiclick.aspx?ref=FexRss&aid=&tid=667b5cf301c24fb4af6453a091795d74&url=https%3a%2f%2fappleinsider.com%2finside%2fnew-imac&c=7898666714699059987&mkt=en-us'}]",http://www.bing.com/news/apiclick.aspx?ref=FexRss&aid=&tid=667b5cf301c24fb4af6453a091795d74&url=https%3a%2f%2fappleinsider.com%2finside%2fnew-imac&c=7898666714699059987&mkt=en-us,Apple seems to be on the cusp of incorporating Thread in many of its new products without having officially listing it in the product specs yet. From the first iMac in the 1990s to today ...,"Tue, 11 Jan 2022 10:34:00 GMT","time.struct_time(tm_year=2022, tm_mon=1, tm_mday=11, tm_hour=10, tm_min=34, tm_sec=0, tm_wday=1, tm_yday=11, tm_isdst=0)",AppleInsider,text/plain,,,New iMac,text/html,,,Apple seems to be on the cusp of incorporating Thread in many of its new products without having officially listing it in the product specs yet. From the first iMac in the 1990s to today ...,"https://www.bing.com/news/search?q=""Reparable consumer goods"" ""new products""&format=rss"
